<?xml version="1.0" encoding="UTF-8"?>
<!DOCTYPE raiz SYSTEM "libros.dtd">
<raiz>
<libros_1>
<autor>George Orwell</autor>
<titulo>1984</titulo>
<edicion>Destino S.A.</edicion>
<ano>1984</ano>
<genero>Novela</genero>
<imagen>1984.html</imagen>
</libros_1>
<libros_1>
<autor>Benito Perez Galdos</autor>
<titulo>Marianela</titulo>
<edicion>Gradifco</edicion>
<ano>1995</ano>
<genero>Novela</genero>
<imagen>marianela.html</imagen>
</libros_1>
<libros_1>
<autor>Gabriel Garcia Marquez</autor>
<titulo>Cien años de soledad</titulo>
<edicion>Espaza calpe</edicion>
<ano>1967</ano>
<genero>Novela</genero>
<imagen>cien_soledad.html</imagen>
</libros_1>
<libros_1>
<autor>Juan Ramon Jimenez</autor>
<titulo>Platero y yo</titulo>
<edicion>Pehuen</edicion>
<ano>1999</ano>
<genero>Cuento Infantil</genero>
<imagen>platero.html</imagen>
</libros_1>
<libros_1>
<autor> Laura Esquivel</autor>
<titulo>Como agua para chocolate</titulo>
<edicion>Debolsillo</edicion>
<ano>1993</ano>
<genero>Novela</genero>
<imagen>agua_chocolate.html</imagen>
</libros_1>
<libros_1>
<autor>Leon Tolstoi</autor>
<titulo>Ana Karenina </titulo>
<edicion>Andrés Bello</edicion>
<ano>1989</ano>
<genero>Novela</genero>
<imagen>Ana_Karenina.html</imagen>
</libros_1>
<libros_1>
<autor>Pablo Coelo</autor>
<titulo>El Alquimista</titulo>
<edicion>Grijalbo</edicion>
<ano>1979</ano>
<genero>Novela</genero>
<imagen>Alquimista.html</imagen>
</libros_1>
<libros_1>
<autor>Isabel Allende</autor>
<titulo>La casa de los espiritus</titulo>
<edicion>Plaza y Janes</edicion>
<ano>1990</ano>
<genero>Novela</genero>
<imagen>casa_espiritus.html</imagen>
</libros_1>
<libros_1>
<autor> Lope de Vega</autor>
<titulo>Fuenteovejuna</titulo>
<edicion>Andres Bello</edicion>
<ano>1998</ano>
<genero>Novela</genero>
<imagen>fuenteovejuna.html</imagen>
</libros_1>
<libros_1>
<autor>Shakespeare</autor>
<titulo>Hamlet</titulo>
<edicion>Nowtilus,S.A</edicion>
<ano>1990</ano>
<genero>Novela</genero>
<imagen>hamlet.html</imagen>
</libros_1>
<libros_1>
<autor>Anonimo</autor>
<titulo>Cantar del mio Cid</titulo>
<edicion>Zig Zag</edicion>
<ano>1990</ano>
<genero>Novela</genero>
<imagen>miocid.html</imagen>
</libros_1>
<libros_1>
<autor>Tirso de Molina</autor>
<titulo>El Burlador de Sevilla</titulo>
<edicion>Universitaria</edicion>
<ano>1990</ano>
<genero>Novela</genero>
<imagen>burlador_sevilla_juan_tenorio.html</imagen>
</libros_1>
<libros_1>
<autor>Salomón</autor>
<titulo>Cantar de los cantares</titulo>
<edicion>Biblias unidas</edicion>
<ano>1990</ano>
<genero>Poesía</genero>
<imagen>Cantar_cantares.html</imagen>
</libros_1>
<libros_1>
<autor>Julio Verne</autor>
<titulo>Un capitán de  15 años</titulo>
<edicion>Atlantida</edicion>
<ano>1970</ano>
<genero>Novela</genero>
<imagen>capitan_15_años.html</imagen>
</libros_1>
<libros_1>
<autor>Jack London</autor>
<titulo>Colmillo blanco</titulo>
<edicion>Norma</edicion>
<ano>1992</ano>
<genero>Novela</genero>
<imagen>colmillo_blanco.html</imagen>
</libros_1>
<libros_1>
<autor>Gabriel García Márquez</autor>
<titulo>Cronica de una muerte anunciada</titulo>
<edicion>Debolsillo</edicion>
<ano>1999</ano>
<genero>Novela</genero>
<imagen>cronica_muerte_anunciada.html</imagen>
</libros_1>
<libros_1>
<autor>Ana Frank</autor>
<titulo>El diario de Ana Frank</titulo>
<edicion>Zig Zag</edicion>
<ano>1995</ano>
<genero>Novela</genero>
<imagen>diario_ana_frank.html</imagen>
</libros_1>
<libros_1>
<autor>Dante Alighieri</autor>
<titulo>La divina comedia</titulo>
<edicion>Andres Bello</edicion>
<ano>2000</ano>
<genero>Novela</genero>
<imagen>divina_comedia.html</imagen>
</libros_1>
<libros_1>
<autor> Lope de Vega</autor>
<titulo>Fuenteovejuna</titulo>
<edicion>Andres Bello </edicion>
<ano>2004</ano>
<genero>Novela</genero>
<imagen>fuenteovejuna.html</imagen>
</libros_1>
<libros_1>
<autor> Miguel de Cervantes </autor>
<titulo>Don Quijote</titulo>
<edicion>Susaeta </edicion>
<ano>2004</ano>
<genero>Novela</genero>
<imagen>don_quijote.html</imagen>
</libros_1>
<libros_1>
<autor> Oscar Wilde </autor>
<titulo>El gigante egoista</titulo>
<edicion> Andres Bello</edicion>
<ano>1999</ano>
<genero>Novela</genero>
<imagen>gigante_egoista.html</imagen>
</libros_1>
<libros_1>
<autor> Guillermo Blanco</autor>
<titulo>Gracia y el forastero</titulo>
<edicion> Zigzag</edicion>
<ano>1999</ano>
<genero>Novela</genero>
<imagen>gracia_forastero.html</imagen>
</libros_1>
<libros_1>
<autor> Charles Dickens</autor>
<titulo>Historia de dos ciudades</titulo>
<edicion> Zigzag</edicion>
<ano>1990</ano>
<genero>Novela</genero>
<imagen>historia_dos_ciudades.html</imagen>
</libros_1>
<libros_1>
<autor>Richard Bach</autor>
<titulo>Juan Salvador Gaviota</titulo>
<edicion> Byblos</edicion>
<ano>1987</ano>
<genero>Novela</genero>
<imagen>Juan_salvador_gaviota.html</imagen>
</libros_1>
<libros_1>
<autor>Anónimo</autor>
<titulo>El lazarillo de Tormes</titulo>
<edicion> Zigzag</edicion>
<ano>1987</ano>
<genero>Novela</genero>
<imagen>lazarillo_tormes.html</imagen>
</libros_1>
<libros_1>
<autor>José Hernández</autor>
<titulo>Martin Fierro</titulo>
<edicion> Atlántida</edicion>
<ano>1985</ano>
<genero>Novela</genero>
<imagen>martin_fierro.html</imagen>
</libros_1>
<libros_1>
<autor>Franz Kafka</autor>
<titulo>La metamorfosis</titulo>
<edicion> Terra Editora</edicion>
<ano>1985</ano>
<genero>Novela</genero>
<imagen>metamorfosis.html</imagen>
</libros_1>
<libros_1>
<autor>Louise M. Alcott</autor>
<titulo>Mujercitas</titulo>
<edicion>Zigzag</edicion>
<ano>1985</ano>
<genero>Novela</genero>
<imagen>mujercitas.html</imagen>
</libros_1>
<libros_1>
<autor>Homero</autor>
<titulo>La Odisea</titulo>
<edicion>Gradifco</edicion>
<ano>1990</ano>
<genero>Novela</genero>
<imagen>odisea.html</imagen>
</libros_1>
<libros_1>
<autor>Juan Rulfo</autor>
<titulo>Pedro Paramo el llano en llamas</titulo>
<edicion>Planeta Booket</edicion>
<ano>1990</ano>
<genero>Novela</genero>
<imagen>pedro_paramo.html</imagen>
</libros_1>
<libros_1>
<autor>Anónimo</autor>
<titulo>Preguntale a Alicia</titulo>
<edicion>Ediciones Olimpo</edicion>
<ano>1985</ano>
<genero>Novela</genero>
<imagen>preguntale_alicia.html</imagen>
</libros_1>
<libros_1>
<autor>Antoine de Saint Exupery</autor>
<titulo>El principito</titulo>
<edicion>Ediciones Olimpo</edicion>
<ano>1985</ano>
<genero>Novela</genero>
<imagen>principito.html</imagen>
</libros_1>
<libros_1>
<autor>Hermann Hesse</autor>
<titulo>Demian</titulo>
<edicion>Ediciones del tintero</edicion>
<ano>1975</ano>
<genero>Novela</genero>
<imagen>demian.html</imagen>
</libros_1>
<libros_1>
<autor>C. S. Lewis</autor>
<titulo>Las crónicas de Narnia</titulo>
<edicion>Destino</edicion>
<ano>2002</ano>
<genero>Novela</genero>
<imagen>cronicas_narnia.html</imagen>
</libros_1>
<libros_1>
<autor>Spencer Johnson</autor>
<titulo>Quien se ha llevado mi queso</titulo>
<edicion>Urano</edicion>
<ano>2000</ano>
<genero>Novela</genero>
<imagen>quien_llevado_queso.html</imagen>
</libros_1>
<libros_1>
<autor>Francisco Coloane</autor>
<titulo>El ultimo grumete de la Baquedano</titulo>
<edicion>Zigzag</edicion>
<ano>2000</ano>
<genero>Novela</genero>
<imagen>ultimo_grumete_baquedano.html</imagen>
</libros_1>
<libros_1>
<autor>Luis Sepulveda</autor>
<titulo>Un viejo que leia novelas de amor</titulo>
<edicion>Tusquets</edicion>
<ano>2000</ano>
<genero>Novela</genero>
<imagen>un_viejo.html</imagen>
</libros_1>
<libros_1>
<autor>Julio Verne</autor>
<titulo>Viaje al centro de la tierra</titulo>
<edicion>Zigzag</edicion>
<ano>1980</ano>
<genero>Novela</genero>
<imagen>viaje_centro_tierra.html</imagen>
</libros_1>
<libros_1>
<autor>Jonathan Swift</autor>
<titulo>Los viajes de Gulliver</titulo>
<edicion>Planeta</edicion>
<ano>1984</ano>
<genero>Novela</genero>
<imagen>viajes_Gulliver.html</imagen>
</libros_1>
<libros_1>
<autor>Pedro Calderon de la Barca</autor>
<titulo>La vida es sueño</titulo>
<edicion>Longseller</edicion>
<ano>1984</ano>
<genero>Novela</genero>
<imagen>vida_sueño.html</imagen>
</libros_1>
<libros_1>
<autor>Jules Verne</autor>
<titulo>La vuelta al mundo en 80 dias</titulo>
<edicion>Atlántida</edicion>
<ano>1990</ano>
<genero>Novela</genero>
<imagen>vuelta_mundo_ochenta_dias.html</imagen>
</libros_1>
<libros_1>
<autor>Hans Christian Andersen</autor>
<titulo>La pequeña vendedora de fosforos</titulo>
<edicion>Zigzag</edicion>
<ano>1990</ano>
<genero>Novela</genero>
<imagen>vendedora_fosforos.html</imagen>
</libros_1>
</raiz>
